{"success":true,"data":{"districts":[{"name":"Nicobars","code":"638","state_name":"ANDAMAN & NICOBAR ISLANDS"},{"name":"North  & Middle Andaman","code":"639","state_name":"ANDAMAN & NICOBAR ISLANDS"},{"name":"South Andaman","code":"640","state_name":"ANDAMAN & NICOBAR ISLANDS"},{"name":"Adilabad","code":"532","state_name":"ANDHRA PRADESH"},{"name":"Anantapur","code":"553","state_name":"ANDHRA PRADESH"},{"name":"Chittoor","code":"554","state_name":"ANDHRA PRADESH"},{"name":"East Godavari","code":"545","state_name":"ANDHRA PRADESH"},{"name":"Guntur","code":"548","state_name":"ANDHRA PRADESH"},{"name":"Hyderabad","code":"536","state_name":"ANDHRA PRADESH"},{"name":"Karimnagar","code":"534","state_name":"ANDHRA PRADESH"},{"name":"Khammam","code":"541","state_name":"ANDHRA PRADESH"},{"name":"Krishna","code":"547","state_name":"ANDHRA PRADESH"},{"name":"Kurnool","code":"552","state_name":"ANDHRA PRADESH"},{"name":"Mahbubnagar","code":"538","state_name":"ANDHRA PRADESH"},{"name":"Medak","code":"535","state_name":"ANDHRA PRADESH"},{"name":"Nalgonda","code":"539","state_name":"ANDHRA PRADESH"},{"name":"Nizamabad","code":"533","state_name":"ANDHRA PRADESH"},{"name":"Prakasam","code":"549","state_name":"ANDHRA PRADESH"},{"name":"Rangareddy","code":"537","state_name":"ANDHRA PRADESH"},{"name":"Sri Potti Sriramulu Nellore","code":"550","state_name":"ANDHRA PRADESH"},{"name":"Srikakulam","code":"542","state_name":"ANDHRA PRADESH"},{"name":"Visakhapatnam","code":"544","state_name":"ANDHRA PRADESH"},{"name":"Vizianagaram","code":"543","state_name":"ANDHRA PRADESH"},{"name":"Warangal","code":"540","state_name":"ANDHRA PRADESH"},{"name":"West Godavari","code":"546","state_name":"ANDHRA PRADESH"},{"name":"Y.S.R.","code":"551","state_name":"ANDHRA PRADESH"},{"name":"Anjaw","code":"260","state_name":"ARUNACHAL PRADESH"},{"name":"Changlang","code":"253","state_name":"ARUNACHAL PRADESH"},{"name":"Dibang Valley","code":"257","state_name":"ARUNACHAL PRADESH"},{"name":"East Kameng","code":"247","state_name":"ARUNACHAL PRADESH"},{"name":"East Siang","code":"251","state_name":"ARUNACHAL PRADESH"},{"name":"Kurung Kumey","code":"256","state_name":"ARUNACHAL PRADESH"},{"name":"Lohit","code":"259","state_name":"ARUNACHAL PRADESH"},{"name":"Lower Dibang Valley","code":"258","state_name":"ARUNACHAL PRADESH"},{"name":"Lower Subansiri","code":"255","state_name":"ARUNACHAL PRADESH"},{"name":"Papum Pare","code":"248","state_name":"ARUNACHAL PRADESH"},{"name":"Tawang","code":"245","state_name":"ARUNACHAL PRADESH"},{"name":"Tirap","code":"254","state_name":"ARUNACHAL PRADESH"},{"name":"Upper Siang","code":"252","state_name":"ARUNACHAL PRADESH"},{"name":"Upper Subansiri","code":"249","state_name":"ARUNACHAL PRADESH"},{"name":"West Kameng","code":"246","state_name":"ARUNACHAL PRADESH"},{"name":"West Siang","code":"250","state_name":"ARUNACHAL PRADESH"},{"name":"Baksa","code":"324","state_name":"ASSAM"},{"name":"Barpeta","code":"303","state_name":"ASSAM"},{"name":"Bongaigaon","code":"319","state_name":"ASSAM"},{"name":"Cachar","code":"316","state_name":"ASSAM"},{"name":"Chirang","code":"320","state_name":"ASSAM"},{"name":"Darrang","code":"325","state_name":"ASSAM"},{"name":"Dhemaji","code":"308","state_name":"ASSAM"},{"name":"Dhubri","code":"301","state_name":"ASSAM"},{"name":"Dibrugarh","code":"310","state_name":"ASSAM"},{"name":"Dima Hasao","code":"315","state_name":"ASSAM"},{"name":"Goalpara","code":"302","state_name":"ASSAM"},{"name":"Golaghat","code":"313","state_name":"ASSAM"},{"name":"Hailakandi","code":"318","state_name":"ASSAM"},{"name":"Jorhat","code":"312","state_name":"ASSAM"},{"name":"Kamrup","code":"321","state_name":"ASSAM"},{"name":"Kamrup Metropolitan","code":"322","state_name":"ASSAM"},{"name":"Karbi Anglong","code":"314","state_name":"ASSAM"},{"name":"Karimganj","code":"317","state_name":"ASSAM"},{"name":"Kokrajhar","code":"300","state_name":"ASSAM"},{"name":"Lakhimpur","code":"307","state_name":"ASSAM"},{"name":"Morigaon","code":"304","state_name":"ASSAM"},{"name":"Nagaon","code":"305","state_name":"ASSAM"},{"name":"Nalbari","code":"323","state_name":"ASSAM"},{"name":"Sivasagar","code":"311","state_name":"ASSAM"},{"name":"Sonitpur","code":"306","state_name":"ASSAM"},{"name":"Tinsukia","code":"309","state_name":"ASSAM"},{"name":"Udalguri","code":"326","state_name":"ASSAM"},{"name":"Araria","code":"209","state_name":"BIHAR"},{"name":"Arwal","code":"240","state_name":"BIHAR"},{"name":"Aurangabad","code":"235","state_name":"BIHAR"},{"name":"Banka","code":"225","state_name":"BIHAR"},{"name":"Begusarai","code":"222","state_name":"BIHAR"},{"name":"Bhagalpur","code":"224","state_name":"BIHAR"},{"name":"Bhojpur","code":"231","state_name":"BIHAR"},{"name":"Buxar","code":"232","state_name":"BIHAR"},{"name":"Darbhanga","code":"215","state_name":"BIHAR"},{"name":"Gaya","code":"236","state_name":"BIHAR"},{"name":"Gopalganj","code":"217","state_name":"BIHAR"},{"name":"Jamui","code":"238","state_name":"BIHAR"},{"name":"Jehanabad","code":"239","state_name":"BIHAR"},{"name":"Kaimur (Bhabua)","code":"233","state_name":"BIHAR"},{"name":"Katihar","code":"212","state_name":"BIHAR"},{"name":"Khagaria","code":"223","state_name":"BIHAR"},{"name":"Kishanganj","code":"210","state_name":"BIHAR"},{"name":"Lakhisarai","code":"227","state_name":"BIHAR"},{"name":"Madhepura","code":"213","state_name":"BIHAR"},{"name":"Madhubani","code":"207","state_name":"BIHAR"},{"name":"Munger","code":"226","state_name":"BIHAR"},{"name":"Muzaffarpur","code":"216","state_name":"BIHAR"},{"name":"Nalanda","code":"229","state_name":"BIHAR"},{"name":"Nawada","code":"237","state_name":"BIHAR"},{"name":"Pashchim Champaran","code":"203","state_name":"BIHAR"},{"name":"Patna","code":"230","state_name":"BIHAR"},{"name":"Purba Champaran","code":"204","state_name":"BIHAR"},{"name":"Purnia","code":"211","state_name":"BIHAR"},{"name":"Rohtas","code":"234","state_name":"BIHAR"},{"name":"Saharsa","code":"214","state_name":"BIHAR"},{"name":"Samastipur","code":"221","state_name":"BIHAR"},{"name":"Saran","code":"219","state_name":"BIHAR"},{"name":"Sheikhpura","code":"228","state_name":"BIHAR"},{"name":"Sheohar","code":"205","state_name":"BIHAR"},{"name":"Sitamarhi","code":"206","state_name":"BIHAR"},{"name":"Siwan","code":"218","state_name":"BIHAR"},{"name":"Supaul","code":"208","state_name":"BIHAR"},{"name":"Vaishali","code":"220","state_name":"BIHAR"},{"name":"Chandigarh","code":"055","state_name":"CHANDIGARH"},{"name":"Bastar","code":"414","state_name":"CHHATTISGARH"},{"name":"Bijapur","code":"417","state_name":"CHHATTISGARH"},{"name":"Bilaspur","code":"406","state_name":"CHHATTISGARH"},{"name":"Dakshin Bastar Dantewada","code":"416","state_name":"CHHATTISGARH"},{"name":"Dhamtari","code":"412","state_name":"CHHATTISGARH"},{"name":"Durg","code":"409","state_name":"CHHATTISGARH"},{"name":"Janjgir - Champa","code":"405","state_name":"CHHATTISGARH"},{"name":"Jashpur","code":"402","state_name":"CHHATTISGARH"},{"name":"Kabeerdham","code":"407","state_name":"CHHATTISGARH"},{"name":"Korba","code":"404","state_name":"CHHATTISGARH"},{"name":"Koriya","code":"400","state_name":"CHHATTISGARH"},{"name":"Mahasamund","code":"411","state_name":"CHHATTISGARH"},{"name":"Narayanpur","code":"415","state_name":"CHHATTISGARH"},{"name":"Raigarh","code":"403","state_name":"CHHATTISGARH"},{"name":"Raipur","code":"410","state_name":"CHHATTISGARH"},{"name":"Rajnandgaon","code":"408","state_name":"CHHATTISGARH"},{"name":"Surguja","code":"401","state_name":"CHHATTISGARH"},{"name":"Uttar Bastar Kanker","code":"413","state_name":"CHHATTISGARH"},{"name":"Dadra & Nagar Haveli","code":"496","state_name":"DADRA & NAGAR HAVELI"},{"name":"Daman","code":"495","state_name":"DAMAN & DIU"},{"name":"Diu","code":"494","state_name":"DAMAN & DIU"},{"name":"North Goa","code":"585","state_name":"GOA"},{"name":"South Goa","code":"586","state_name":"GOA"},{"name":"Ahmadabad","code":"474","state_name":"GUJARAT"},{"name":"Amreli","code":"480","state_name":"GUJARAT"},{"name":"Anand","code":"482","state_name":"GUJARAT"},{"name":"Banas Kantha","code":"469","state_name":"GUJARAT"},{"name":"Bharuch","code":"488","state_name":"GUJARAT"},{"name":"Bhavnagar","code":"481","state_name":"GUJARAT"},{"name":"Dohad","code":"485","state_name":"GUJARAT"},{"name":"Gandhinagar","code":"473","state_name":"GUJARAT"},{"name":"Jamnagar","code":"477","state_name":"GUJARAT"},{"name":"Junagadh","code":"479","state_name":"GUJARAT"},{"name":"Kachchh","code":"468","state_name":"GUJARAT"},{"name":"Kheda","code":"483","state_name":"GUJARAT"},{"name":"Mahesana","code":"471","state_name":"GUJARAT"},{"name":"Narmada","code":"487","state_name":"GUJARAT"},{"name":"Navsari","code":"490","state_name":"GUJARAT"},{"name":"Panch Mahals","code":"484","state_name":"GUJARAT"},{"name":"Patan","code":"470","state_name":"GUJARAT"},{"name":"Porbandar","code":"478","state_name":"GUJARAT"},{"name":"Rajkot","code":"476","state_name":"GUJARAT"},{"name":"Sabar Kantha","code":"472","state_name":"GUJARAT"},{"name":"Surat","code":"492","state_name":"GUJARAT"},{"name":"Surendranagar","code":"475","state_name":"GUJARAT"},{"name":"Tapi","code":"493","state_name":"GUJARAT"},{"name":"The Dangs","code":"489","state_name":"GUJARAT"},{"name":"Vadodara","code":"486","state_name":"GUJARAT"},{"name":"Valsad","code":"491","state_name":"GUJARAT"},{"name":"Ambala","code":"070","state_name":"HARYANA"},{"name":"Bhiwani","code":"081","state_name":"HARYANA"},{"name":"Faridabad","code":"088","state_name":"HARYANA"},{"name":"Fatehabad","code":"078","state_name":"HARYANA"},{"name":"Gurgaon","code":"086","state_name":"HARYANA"},{"name":"Hisar","code":"080","state_name":"HARYANA"},{"name":"Jhajjar","code":"083","state_name":"HARYANA"},{"name":"Jind","code":"077","state_name":"HARYANA"},{"name":"Kaithal","code":"073","state_name":"HARYANA"},{"name":"Karnal","code":"074","state_name":"HARYANA"},{"name":"Kurukshetra","code":"072","state_name":"HARYANA"},{"name":"Mahendragarh","code":"084","state_name":"HARYANA"},{"name":"Mewat","code":"087","state_name":"HARYANA"},{"name":"Palwal","code":"089","state_name":"HARYANA"},{"name":"Panchkula","code":"069","state_name":"HARYANA"},{"name":"Panipat","code":"075","state_name":"HARYANA"},{"name":"Rewari","code":"085","state_name":"HARYANA"},{"name":"Rohtak","code":"082","state_name":"HARYANA"},{"name":"Sirsa","code":"079","state_name":"HARYANA"},{"name":"Sonipat","code":"076","state_name":"HARYANA"},{"name":"Yamunanagar","code":"071","state_name":"HARYANA"},{"name":"Bilaspur","code":"030","state_name":"HIMACHAL PRADESH"},{"name":"Chamba","code":"023","state_name":"HIMACHAL PRADESH"},{"name":"Hamirpur","code":"028","state_name":"HIMACHAL PRADESH"},{"name":"Kangra","code":"024","state_name":"HIMACHAL PRADESH"},{"name":"Kinnaur","code":"034","state_name":"HIMACHAL PRADESH"},{"name":"Kullu","code":"026","state_name":"HIMACHAL PRADESH"},{"name":"Lahul & Spiti","code":"025","state_name":"HIMACHAL PRADESH"},{"name":"Mandi","code":"027","state_name":"HIMACHAL PRADESH"},{"name":"Shimla","code":"033","state_name":"HIMACHAL PRADESH"},{"name":"Sirmaur","code":"032","state_name":"HIMACHAL PRADESH"},{"name":"Solan","code":"031","state_name":"HIMACHAL PRADESH"},{"name":"Una","code":"029","state_name":"HIMACHAL PRADESH"},{"name":"Anantnag","code":"014","state_name":"JAMMU & KASHMIR"},{"name":"Badgam","code":"002","state_name":"JAMMU & KASHMIR"},{"name":"Bandipore","code":"009","state_name":"JAMMU & KASHMIR"},{"name":"Baramula","code":"008","state_name":"JAMMU & KASHMIR"},{"name":"Doda","code":"016","state_name":"JAMMU & KASHMIR"},{"name":"Ganderbal","code":"011","state_name":"JAMMU & KASHMIR"},{"name":"Jammu","code":"021","state_name":"JAMMU & KASHMIR"},{"name":"Kargil","code":"004","state_name":"JAMMU & KASHMIR"},{"name":"Kathua","code":"007","state_name":"JAMMU & KASHMIR"},{"name":"Kishtwar","code":"018","state_name":"JAMMU & KASHMIR"},{"name":"Kulgam","code":"015","state_name":"JAMMU & KASHMIR"},{"name":"Kupwara","code":"001","state_name":"JAMMU & KASHMIR"},{"name":"Leh(Ladakh)","code":"003","state_name":"JAMMU & KASHMIR"},{"name":"Pulwama","code":"012","state_name":"JAMMU & KASHMIR"},{"name":"Punch","code":"005","state_name":"JAMMU & KASHMIR"},{"name":"Rajouri","code":"006","state_name":"JAMMU & KASHMIR"},{"name":"Ramban","code":"017","state_name":"JAMMU & KASHMIR"},{"name":"Reasi","code":"020","state_name":"JAMMU & KASHMIR"},{"name":"Samba","code":"022","state_name":"JAMMU & KASHMIR"},{"name":"Shupiyan","code":"013","state_name":"JAMMU & KASHMIR"},{"name":"Srinagar","code":"010","state_name":"JAMMU & KASHMIR"},{"name":"Udhampur","code":"019","state_name":"JAMMU & KASHMIR"},{"name":"Bokaro","code":"355","state_name":"JHARKHAND"},{"name":"Chatra","code":"347","state_name":"JHARKHAND"},{"name":"Deoghar","code":"350","state_name":"JHARKHAND"},{"name":"Dhanbad","code":"354","state_name":"JHARKHAND"},{"name":"Dumka","code":"362","state_name":"JHARKHAND"},{"name":"Garhwa","code":"346","state_name":"JHARKHAND"},{"name":"Giridih","code":"349","state_name":"JHARKHAND"},{"name":"Godda","code":"351","state_name":"JHARKHAND"},{"name":"Gumla","code":"366","state_name":"JHARKHAND"},{"name":"Hazaribagh","code":"360","state_name":"JHARKHAND"},{"name":"Jamtara","code":"363","state_name":"JHARKHAND"},{"name":"Khunti","code":"365","state_name":"JHARKHAND"},{"name":"Kodarma","code":"348","state_name":"JHARKHAND"},{"name":"Latehar","code":"359","state_name":"JHARKHAND"},{"name":"Lohardaga","code":"356","state_name":"JHARKHAND"},{"name":"Pakur","code":"353","state_name":"JHARKHAND"},{"name":"Palamu","code":"358","state_name":"JHARKHAND"},{"name":"Pashchimi Singhbhum","code":"368","state_name":"JHARKHAND"},{"name":"Purbi Singhbhum","code":"357","state_name":"JHARKHAND"},{"name":"Ramgarh","code":"361","state_name":"JHARKHAND"},{"name":"Ranchi","code":"364","state_name":"JHARKHAND"},{"name":"Sahibganj","code":"352","state_name":"JHARKHAND"},{"name":"Saraikela-Kharsawan","code":"369","state_name":"JHARKHAND"},{"name":"Simdega","code":"367","state_name":"JHARKHAND"},{"name":"Bagalkot","code":"556","state_name":"KARNATAKA"},{"name":"Bangalore","code":"572","state_name":"KARNATAKA"},{"name":"Bangalore Rural","code":"583","state_name":"KARNATAKA"},{"name":"Belgaum","code":"555","state_name":"KARNATAKA"},{"name":"Bellary","code":"565","state_name":"KARNATAKA"},{"name":"Bidar","code":"558","state_name":"KARNATAKA"},{"name":"Bijapur","code":"557","state_name":"KARNATAKA"},{"name":"Chamarajanagar","code":"578","state_name":"KARNATAKA"},{"name":"Chikkaballapura","code":"582","state_name":"KARNATAKA"},{"name":"Chikmagalur","code":"570","state_name":"KARNATAKA"},{"name":"Chitradurga","code":"566","state_name":"KARNATAKA"},{"name":"Dakshina Kannada","code":"575","state_name":"KARNATAKA"},{"name":"Davanagere","code":"567","state_name":"KARNATAKA"},{"name":"Dharwad","code":"562","state_name":"KARNATAKA"},{"name":"Gadag","code":"561","state_name":"KARNATAKA"},{"name":"Gulbarga","code":"579","state_name":"KARNATAKA"},{"name":"Hassan","code":"574","state_name":"KARNATAKA"},{"name":"Haveri","code":"564","state_name":"KARNATAKA"},{"name":"Kodagu","code":"576","state_name":"KARNATAKA"},{"name":"Kolar","code":"581","state_name":"KARNATAKA"},{"name":"Koppal","code":"560","state_name":"KARNATAKA"},{"name":"Mandya","code":"573","state_name":"KARNATAKA"},{"name":"Mysore","code":"577","state_name":"KARNATAKA"},{"name":"Raichur","code":"559","state_name":"KARNATAKA"},{"name":"Ramanagara","code":"584","state_name":"KARNATAKA"},{"name":"Shimoga","code":"568","state_name":"KARNATAKA"},{"name":"Tumkur","code":"571","state_name":"KARNATAKA"},{"name":"Udupi","code":"569","state_name":"KARNATAKA"},{"name":"Uttara Kannada","code":"563","state_name":"KARNATAKA"},{"name":"Yadgir","code":"580","state_name":"KARNATAKA"},{"name":"Alappuzha","code":"598","state_name":"KERALA"},{"name":"Ernakulam","code":"595","state_name":"KERALA"},{"name":"Idukki","code":"596","state_name":"KERALA"},{"name":"Kannur","code":"589","state_name":"KERALA"},{"name":"Kasaragod","code":"588","state_name":"KERALA"},{"name":"Kollam","code":"600","state_name":"KERALA"},{"name":"Kottayam","code":"597","state_name":"KERALA"},{"name":"Kozhikode","code":"591","state_name":"KERALA"},{"name":"Malappuram","code":"592","state_name":"KERALA"},{"name":"Palakkad","code":"593","state_name":"KERALA"},{"name":"Pathanamthitta","code":"599","state_name":"KERALA"},{"name":"Thiruvananthapuram","code":"601","state_name":"KERALA"},{"name":"Thrissur","code":"594","state_name":"KERALA"},{"name":"Wayanad","code":"590","state_name":"KERALA"},{"name":"Lakshadweep","code":"587","state_name":"LAKSHADWEEP"},{"name":"Alirajpur","code":"465","state_name":"MADHYA PRADESH"},{"name":"Anuppur","code":"461","state_name":"MADHYA PRADESH"},{"name":"Ashoknagar","code":"459","state_name":"MADHYA PRADESH"},{"name":"Balaghat","code":"457","state_name":"MADHYA PRADESH"},{"name":"Barwani","code":"441","state_name":"MADHYA PRADESH"},{"name":"Betul","code":"447","state_name":"MADHYA PRADESH"},{"name":"Bhind","code":"420","state_name":"MADHYA PRADESH"},{"name":"Bhopal","code":"444","state_name":"MADHYA PRADESH"},{"name":"Burhanpur","code":"467","state_name":"MADHYA PRADESH"},{"name":"Chhatarpur","code":"425","state_name":"MADHYA PRADESH"},{"name":"Chhindwara","code":"455","state_name":"MADHYA PRADESH"},{"name":"Damoh","code":"428","state_name":"MADHYA PRADESH"},{"name":"Datia","code":"422","state_name":"MADHYA PRADESH"},{"name":"Dewas","code":"437","state_name":"MADHYA PRADESH"},{"name":"Dhar","code":"438","state_name":"MADHYA PRADESH"},{"name":"Dindori","code":"453","state_name":"MADHYA PRADESH"},{"name":"Guna","code":"458","state_name":"MADHYA PRADESH"},{"name":"Gwalior","code":"421","state_name":"MADHYA PRADESH"},{"name":"Harda","code":"448","state_name":"MADHYA PRADESH"},{"name":"Hoshangabad","code":"449","state_name":"MADHYA PRADESH"},{"name":"Indore","code":"439","state_name":"MADHYA PRADESH"},{"name":"Jabalpur","code":"451","state_name":"MADHYA PRADESH"},{"name":"Jhabua","code":"464","state_name":"MADHYA PRADESH"},{"name":"Katni","code":"450","state_name":"MADHYA PRADESH"},{"name":"Khandwa (East Nimar)","code":"466","state_name":"MADHYA PRADESH"},{"name":"Khargone (West Nimar)","code":"440","state_name":"MADHYA PRADESH"},{"name":"Mandla","code":"454","state_name":"MADHYA PRADESH"},{"name":"Mandsaur","code":"433","state_name":"MADHYA PRADESH"},{"name":"Morena","code":"419","state_name":"MADHYA PRADESH"},{"name":"Narsimhapur","code":"452","state_name":"MADHYA PRADESH"},{"name":"Neemuch","code":"432","state_name":"MADHYA PRADESH"},{"name":"Panna","code":"426","state_name":"MADHYA PRADESH"},{"name":"Raisen","code":"446","state_name":"MADHYA PRADESH"},{"name":"Rajgarh","code":"442","state_name":"MADHYA PRADESH"},{"name":"Ratlam","code":"434","state_name":"MADHYA PRADESH"},{"name":"Rewa","code":"430","state_name":"MADHYA PRADESH"},{"name":"Sagar","code":"427","state_name":"MADHYA PRADESH"},{"name":"Satna","code":"429","state_name":"MADHYA PRADESH"},{"name":"Sehore","code":"445","state_name":"MADHYA PRADESH"},{"name":"Seoni","code":"456","state_name":"MADHYA PRADESH"},{"name":"Shahdol","code":"460","state_name":"MADHYA PRADESH"},{"name":"Shajapur","code":"436","state_name":"MADHYA PRADESH"},{"name":"Sheopur","code":"418","state_name":"MADHYA PRADESH"},{"name":"Shivpuri","code":"423","state_name":"MADHYA PRADESH"},{"name":"Sidhi","code":"462","state_name":"MADHYA PRADESH"},{"name":"Singrauli","code":"463","state_name":"MADHYA PRADESH"},{"name":"Tikamgarh","code":"424","state_name":"MADHYA PRADESH"},{"name":"Ujjain","code":"435","state_name":"MADHYA PRADESH"},{"name":"Umaria","code":"431","state_name":"MADHYA PRADESH"},{"name":"Vidisha","code":"443","state_name":"MADHYA PRADESH"},{"name":"Ahmadnagar","code":"522","state_name":"MAHARASHTRA"},{"name":"Akola","code":"501","state_name":"MAHARASHTRA"},{"name":"Amravati","code":"503","state_name":"MAHARASHTRA"},{"name":"Aurangabad","code":"515","state_name":"MAHARASHTRA"},{"name":"Bhandara","code":"506","state_name":"MAHARASHTRA"},{"name":"Bid","code":"523","state_name":"MAHARASHTRA"},{"name":"Buldana","code":"500","state_name":"MAHARASHTRA"},{"name":"Chandrapur","code":"509","state_name":"MAHARASHTRA"},{"name":"Dhule","code":"498","state_name":"MAHARASHTRA"},{"name":"Gadchiroli","code":"508","state_name":"MAHARASHTRA"},{"name":"Gondiya","code":"507","state_name":"MAHARASHTRA"},{"name":"Hingoli","code":"512","state_name":"MAHARASHTRA"},{"name":"Jalgaon","code":"499","state_name":"MAHARASHTRA"},{"name":"Jalna","code":"514","state_name":"MAHARASHTRA"},{"name":"Kolhapur","code":"530","state_name":"MAHARASHTRA"},{"name":"Latur","code":"524","state_name":"MAHARASHTRA"},{"name":"Nagpur","code":"505","state_name":"MAHARASHTRA"},{"name":"Nanded","code":"511","state_name":"MAHARASHTRA"},{"name":"Nandurbar","code":"497","state_name":"MAHARASHTRA"},{"name":"Nashik","code":"516","state_name":"MAHARASHTRA"},{"name":"Osmanabad","code":"525","state_name":"MAHARASHTRA"},{"name":"Parbhani","code":"513","state_name":"MAHARASHTRA"},{"name":"Pune","code":"521","state_name":"MAHARASHTRA"},{"name":"Raigarh","code":"520","state_name":"MAHARASHTRA"},{"name":"Ratnagiri","code":"528","state_name":"MAHARASHTRA"},{"name":"Sangli","code":"531","state_name":"MAHARASHTRA"},{"name":"Satara","code":"527","state_name":"MAHARASHTRA"},{"name":"Sindhudurg","code":"529","state_name":"MAHARASHTRA"},{"name":"Solapur","code":"526","state_name":"MAHARASHTRA"},{"name":"Thane","code":"517","state_name":"MAHARASHTRA"},{"name":"Wardha","code":"504","state_name":"MAHARASHTRA"},{"name":"Washim","code":"502","state_name":"MAHARASHTRA"},{"name":"Yavatmal","code":"510","state_name":"MAHARASHTRA"},{"name":"Bishnupur","code":"275","state_name":"MANIPUR"},{"name":"Chandel","code":"280","state_name":"MANIPUR"},{"name":"Churachandpur","code":"274","state_name":"MANIPUR"},{"name":"Imphal East","code":"278","state_name":"MANIPUR"},{"name":"Imphal West","code":"277","state_name":"MANIPUR"},{"name":"Senapati","code":"272","state_name":"MANIPUR"},{"name":"Tamenglong","code":"273","state_name":"MANIPUR"},{"name":"Thoubal","code":"276","state_name":"MANIPUR"},{"name":"Ukhrul","code":"279","state_name":"MANIPUR"},{"name":"East Garo Hills","code":"294","state_name":"MEGHALAYA"},{"name":"East Khasi Hills","code":"298","state_name":"MEGHALAYA"},{"name":"Jaintia Hills","code":"299","state_name":"MEGHALAYA"},{"name":"Ribhoi","code":"297","state_name":"MEGHALAYA"},{"name":"South Garo Hills","code":"295","state_name":"MEGHALAYA"},{"name":"West Garo Hills","code":"293","state_name":"MEGHALAYA"},{"name":"West Khasi Hills","code":"296","state_name":"MEGHALAYA"},{"name":"Aizawl","code":"283","state_name":"MIZORAM"},{"name":"Champhai","code":"284","state_name":"MIZORAM"},{"name":"Kolasib","code":"282","state_name":"MIZORAM"},{"name":"Lawngtlai","code":"287","state_name":"MIZORAM"},{"name":"Lunglei","code":"286","state_name":"MIZORAM"},{"name":"Mamit","code":"281","state_name":"MIZORAM"},{"name":"Saiha","code":"288","state_name":"MIZORAM"},{"name":"Serchhip","code":"285","state_name":"MIZORAM"},{"name":"Dimapur","code":"265","state_name":"NAGALAND"},{"name":"Kiphire","code":"269","state_name":"NAGALAND"},{"name":"Kohima","code":"270","state_name":"NAGALAND"},{"name":"Longleng","code":"268","state_name":"NAGALAND"},{"name":"Mokokchung","code":"262","state_name":"NAGALAND"},{"name":"Mon","code":"261","state_name":"NAGALAND"},{"name":"Peren","code":"271","state_name":"NAGALAND"},{"name":"Phek","code":"266","state_name":"NAGALAND"},{"name":"Tuensang","code":"267","state_name":"NAGALAND"},{"name":"Wokha","code":"264","state_name":"NAGALAND"},{"name":"Zunheboto","code":"263","state_name":"NAGALAND"},{"name":"East","code":"093","state_name":"NCT OF DELHI"},{"name":"North","code":"091","state_name":"NCT OF DELHI"},{"name":"North East","code":"092","state_name":"NCT OF DELHI"},{"name":"North West","code":"090","state_name":"NCT OF DELHI"},{"name":"South","code":"098","state_name":"NCT OF DELHI"},{"name":"South West","code":"097","state_name":"NCT OF DELHI"},{"name":"West","code":"096","state_name":"NCT OF DELHI"},{"name":"Anugul","code":"384","state_name":"ODISHA"},{"name":"Balangir","code":"393","state_name":"ODISHA"},{"name":"Baleshwar","code":"377","state_name":"ODISHA"},{"name":"Bargarh","code":"370","state_name":"ODISHA"},{"name":"Baudh","code":"391","state_name":"ODISHA"},{"name":"Bhadrak","code":"378","state_name":"ODISHA"},{"name":"Cuttack","code":"381","state_name":"ODISHA"},{"name":"Debagarh","code":"373","state_name":"ODISHA"},{"name":"Dhenkanal","code":"383","state_name":"ODISHA"},{"name":"Gajapati","code":"389","state_name":"ODISHA"},{"name":"Ganjam","code":"388","state_name":"ODISHA"},{"name":"Jagatsinghapur","code":"380","state_name":"ODISHA"},{"name":"Jajapur","code":"382","state_name":"ODISHA"},{"name":"Jharsuguda","code":"371","state_name":"ODISHA"},{"name":"Kalahandi","code":"395","state_name":"ODISHA"},{"name":"Kandhamal","code":"390","state_name":"ODISHA"},{"name":"Kendrapara","code":"379","state_name":"ODISHA"},{"name":"Kendujhar","code":"375","state_name":"ODISHA"},{"name":"Khordha","code":"386","state_name":"ODISHA"},{"name":"Koraput","code":"398","state_name":"ODISHA"},{"name":"Malkangiri","code":"399","state_name":"ODISHA"},{"name":"Mayurbhanj","code":"376","state_name":"ODISHA"},{"name":"Nabarangapur","code":"397","state_name":"ODISHA"},{"name":"Nayagarh","code":"385","state_name":"ODISHA"},{"name":"Nuapada","code":"394","state_name":"ODISHA"},{"name":"Puri","code":"387","state_name":"ODISHA"},{"name":"Rayagada","code":"396","state_name":"ODISHA"},{"name":"Sambalpur","code":"372","state_name":"ODISHA"},{"name":"Subarnapur","code":"392","state_name":"ODISHA"},{"name":"Sundargarh","code":"374","state_name":"ODISHA"},{"name":"Karaikal","code":"637","state_name":"PUDUCHERRY"},{"name":"Puducherry","code":"635","state_name":"PUDUCHERRY"},{"name":"Amritsar","code":"049","state_name":"PUNJAB"},{"name":"Barnala","code":"054","state_name":"PUNJAB"},{"name":"Bathinda","code":"046","state_name":"PUNJAB"},{"name":"Faridkot","code":"045","state_name":"PUNJAB"},{"name":"Fatehgarh Sahib","code":"040","state_name":"PUNJAB"},{"name":"Firozpur","code":"043","state_name":"PUNJAB"},{"name":"Gurdaspur","code":"035","state_name":"PUNJAB"},{"name":"Hoshiarpur","code":"038","state_name":"PUNJAB"},{"name":"Jalandhar","code":"037","state_name":"PUNJAB"},{"name":"Kapurthala","code":"036","state_name":"PUNJAB"},{"name":"Ludhiana","code":"041","state_name":"PUNJAB"},{"name":"Mansa","code":"047","state_name":"PUNJAB"},{"name":"Moga","code":"042","state_name":"PUNJAB"},{"name":"Muktsar","code":"044","state_name":"PUNJAB"},{"name":"Patiala","code":"048","state_name":"PUNJAB"},{"name":"Rupnagar","code":"051","state_name":"PUNJAB"},{"name":"Sahibzada Ajit Singh Nagar","code":"052","state_name":"PUNJAB"},{"name":"Sangrur","code":"053","state_name":"PUNJAB"},{"name":"Shahid Bhagat Singh Nagar","code":"039","state_name":"PUNJAB"},{"name":"Tarn Taran","code":"050","state_name":"PUNJAB"},{"name":"Ajmer","code":"119","state_name":"RAJASTHAN"},{"name":"Alwar","code":"104","state_name":"RAJASTHAN"},{"name":"Banswara","code":"125","state_name":"RAJASTHAN"},{"name":"Baran","code":"128","state_name":"RAJASTHAN"},{"name":"Barmer","code":"115","state_name":"RAJASTHAN"},{"name":"Bharatpur","code":"105","state_name":"RAJASTHAN"},{"name":"Bhilwara","code":"122","state_name":"RAJASTHAN"},{"name":"Bikaner","code":"101","state_name":"RAJASTHAN"},{"name":"Bundi","code":"121","state_name":"RAJASTHAN"},{"name":"Chittaurgarh","code":"126","state_name":"RAJASTHAN"},{"name":"Churu","code":"102","state_name":"RAJASTHAN"},{"name":"Dausa","code":"109","state_name":"RAJASTHAN"},{"name":"Dhaulpur","code":"106","state_name":"RAJASTHAN"},{"name":"Dungarpur","code":"124","state_name":"RAJASTHAN"},{"name":"Ganganagar","code":"099","state_name":"RAJASTHAN"},{"name":"Hanumangarh","code":"100","state_name":"RAJASTHAN"},{"name":"Jaipur","code":"110","state_name":"RAJASTHAN"},{"name":"Jaisalmer","code":"114","state_name":"RAJASTHAN"},{"name":"Jalor","code":"116","state_name":"RAJASTHAN"},{"name":"Jhalawar","code":"129","state_name":"RAJASTHAN"},{"name":"Jhunjhunun","code":"103","state_name":"RAJASTHAN"},{"name":"Jodhpur","code":"113","state_name":"RAJASTHAN"},{"name":"Karauli","code":"107","state_name":"RAJASTHAN"},{"name":"Kota","code":"127","state_name":"RAJASTHAN"},{"name":"Nagaur","code":"112","state_name":"RAJASTHAN"},{"name":"Pali","code":"118","state_name":"RAJASTHAN"},{"name":"Pratapgarh","code":"131","state_name":"RAJASTHAN"},{"name":"Rajsamand","code":"123","state_name":"RAJASTHAN"},{"name":"Sawai Madhopur","code":"108","state_name":"RAJASTHAN"},{"name":"Sikar","code":"111","state_name":"RAJASTHAN"},{"name":"Sirohi","code":"117","state_name":"RAJASTHAN"},{"name":"Tonk","code":"120","state_name":"RAJASTHAN"},{"name":"Udaipur","code":"130","state_name":"RAJASTHAN"},{"name":"East District","code":"244","state_name":"SIKKIM"},{"name":"North  District","code":"241","state_name":"SIKKIM"},{"name":"South District","code":"243","state_name":"SIKKIM"},{"name":"West District","code":"242","state_name":"SIKKIM"},{"name":"Ariyalur","code":"616","state_name":"TAMIL NADU"},{"name":"Coimbatore","code":"632","state_name":"TAMIL NADU"},{"name":"Cuddalore","code":"617","state_name":"TAMIL NADU"},{"name":"Dharmapuri","code":"630","state_name":"TAMIL NADU"},{"name":"Dindigul","code":"612","state_name":"TAMIL NADU"},{"name":"Erode","code":"610","state_name":"TAMIL NADU"},{"name":"Kancheepuram","code":"604","state_name":"TAMIL NADU"},{"name":"Kanniyakumari","code":"629","state_name":"TAMIL NADU"},{"name":"Karur","code":"613","state_name":"TAMIL NADU"},{"name":"Krishnagiri","code":"631","state_name":"TAMIL NADU"},{"name":"Madurai","code":"623","state_name":"TAMIL NADU"},{"name":"Nagapattinam","code":"618","state_name":"TAMIL NADU"},{"name":"Namakkal","code":"609","state_name":"TAMIL NADU"},{"name":"Perambalur","code":"615","state_name":"TAMIL NADU"},{"name":"Pudukkottai","code":"621","state_name":"TAMIL NADU"},{"name":"Ramanathapuram","code":"626","state_name":"TAMIL NADU"},{"name":"Salem","code":"608","state_name":"TAMIL NADU"},{"name":"Sivaganga","code":"622","state_name":"TAMIL NADU"},{"name":"Thanjavur","code":"620","state_name":"TAMIL NADU"},{"name":"The Nilgiris","code":"611","state_name":"TAMIL NADU"},{"name":"Theni","code":"624","state_name":"TAMIL NADU"},{"name":"Thiruvallur","code":"602","state_name":"TAMIL NADU"},{"name":"Thiruvarur","code":"619","state_name":"TAMIL NADU"},{"name":"Thoothukkudi","code":"627","state_name":"TAMIL NADU"},{"name":"Tiruchirappalli","code":"614","state_name":"TAMIL NADU"},{"name":"Tirunelveli","code":"628","state_name":"TAMIL NADU"},{"name":"Tiruppur","code":"633","state_name":"TAMIL NADU"},{"name":"Tiruvannamalai","code":"606","state_name":"TAMIL NADU"},{"name":"Vellore","code":"605","state_name":"TAMIL NADU"},{"name":"Viluppuram","code":"607","state_name":"TAMIL NADU"},{"name":"Virudhunagar","code":"625","state_name":"TAMIL NADU"},{"name":"Dhalai","code":"291","state_name":"TRIPURA"},{"name":"North Tripura","code":"292","state_name":"TRIPURA"},{"name":"South Tripura","code":"290","state_name":"TRIPURA"},{"name":"West Tripura","code":"289","state_name":"TRIPURA"},{"name":"Almora","code":"064","state_name":"UTTARAKHAND"},{"name":"Bageshwar","code":"063","state_name":"UTTARAKHAND"},{"name":"Chamoli","code":"057","state_name":"UTTARAKHAND"},{"name":"Champawat","code":"065","state_name":"UTTARAKHAND"},{"name":"Dehradun","code":"060","state_name":"UTTARAKHAND"},{"name":"Garhwal","code":"061","state_name":"UTTARAKHAND"},{"name":"Hardwar","code":"068","state_name":"UTTARAKHAND"},{"name":"Nainital","code":"066","state_name":"UTTARAKHAND"},{"name":"Pithoragarh","code":"062","state_name":"UTTARAKHAND"},{"name":"Rudraprayag","code":"058","state_name":"UTTARAKHAND"},{"name":"Tehri Garhwal","code":"059","state_name":"UTTARAKHAND"},{"name":"Udham Singh Nagar","code":"067","state_name":"UTTARAKHAND"},{"name":"Uttarkashi","code":"056","state_name":"UTTARAKHAND"},{"name":"Bankura","code":"339","state_name":"WEST BENGAL"},{"name":"Barddhaman","code":"335","state_name":"WEST BENGAL"},{"name":"Birbhum","code":"334","state_name":"WEST BENGAL"},{"name":"Dakshin Dinajpur","code":"331","state_name":"WEST BENGAL"},{"name":"Darjiling","code":"327","state_name":"WEST BENGAL"},{"name":"Haora","code":"341","state_name":"WEST BENGAL"},{"name":"Hugli","code":"338","state_name":"WEST BENGAL"},{"name":"Jalpaiguri","code":"328","state_name":"WEST BENGAL"},{"name":"Koch Bihar","code":"329","state_name":"WEST BENGAL"},{"name":"Maldah","code":"332","state_name":"WEST BENGAL"},{"name":"Murshidabad","code":"333","state_name":"WEST BENGAL"},{"name":"Nadia","code":"336","state_name":"WEST BENGAL"},{"name":"North Twenty Four Parganas","code":"337","state_name":"WEST BENGAL"},{"name":"Paschim Medinipur","code":"344","state_name":"WEST BENGAL"},{"name":"Purba Medinipur","code":"345","state_name":"WEST BENGAL"},{"name":"Puruliya","code":"340","state_name":"WEST BENGAL"},{"name":"South Twenty Four Parganas","code":"343","state_name":"WEST BENGAL"},{"name":"Uttar Dinajpur","code":"330","state_name":"WEST BENGAL"}],"total":561}}