[{"Message":"Number of pincode(s) found:7","Status":"Success","PostOffice":[{"Name":"Brahmni","Description":null,"BranchType":"Branch Post Office","DeliveryStatus":"Delivery","Circle":"Maharashtra","District":"Ahmed Nagar","Division":"Ahmednagar","Region":"Pune","Block":"Newasa","State":"Maharashtra","Country":"India","Pincode":"414105"},{"Name":"Karajgaon","Description":null,"BranchType":"Branch Post Office","DeliveryStatus":"Delivery","Circle":"Maharashtra","District":"Ahmed Nagar","Division":"Ahmednagar","Region":"Pune","Block":"Newasa","State":"Maharashtra","Country":"India","Pincode":"414105"},{"Name":"Kendal BK","Description":null,"BranchType":"Branch Post Office","DeliveryStatus":"Delivery","Circle":"Maharashtra","District":"Ahmed Nagar","Division":"Ahmednagar","Region":"Pune","Block":"Newasa","State":"Maharashtra","Country":"India","Pincode":"414105"},{"Name":"Khedle Permananda","Description":null,"BranchType":"Branch Post Office","DeliveryStatus":"Delivery","Circle":"Maharashtra","District":"Ahmed Nagar","Division":"Ahmednagar","Region":"Pune","Block":"Newasa","State":"Maharashtra","Country":"India","Pincode":"414105"},{"Name":"Shani Shinganapur","Description":null,"BranchType":"Branch Post Office","DeliveryStatus":"Delivery","Circle":"Maharashtra","District":"Ahmed Nagar","Division":"Ahmednagar","Region":"Pune","Block":"Newasa","State":"Maharashtra","Country":"India","Pincode":"414105"},{"Name":"Sonai (Ahmed Nagar)","Description":null,"BranchType":"Sub Post Office","DeliveryStatus":"Delivery","Circle":"Maharashtra","District":"Ahmed Nagar","Division":"Ahmednagar","Region":"Pune","Block":"Newasa","State":"Maharashtra","Country":"India","Pincode":"414105"},{"Name":"Umbra","Description":null,"BranchType":"Branch Post Office","DeliveryStatus":"Delivery","Circle":"Maharashtra","District":"Ahmed Nagar","Division":"Ahmednagar","Region":"Pune","Block":"Newasa","State":"Maharashtra","Country":"India","Pincode":"414105"}]}]