{"success":true,"data":{"states":[{"name":"ANDAMAN & NICOBAR ISLANDS","code":"35","districts":"3","talukas":"9","villages":"556"},{"name":"ANDHRA PRADESH","code":"28","districts":"23","talukas":"1064","villages":"28008"},{"name":"ARUNACHAL PRADESH","code":"12","districts":"16","talukas":"188","villages":"5569"},{"name":"ASSAM","code":"18","districts":"27","talukas":"152","villages":"26181"},{"name":"BIHAR","code":"10","districts":"38","talukas":"518","villages":"42442"},{"name":"CHANDIGARH","code":"04","districts":"1","talukas":"1","villages":"12"},{"name":"CHHATTISGARH","code":"22","districts":"18","talukas":"148","villages":"19600"},{"name":"DADRA & NAGAR HAVELI","code":"26","districts":"1","talukas":"1","villages":"70"},{"name":"DAMAN & DIU","code":"25","districts":"2","talukas":"2","villages":"25"},{"name":"GOA","code":"30","districts":"2","talukas":"11","villages":"397"},{"name":"GUJARAT","code":"24","districts":"26","talukas":"219","villages":"18474"},{"name":"HARYANA","code":"06","districts":"21","talukas":"74","villages":"6927"},{"name":"HIMACHAL PRADESH","code":"02","districts":"12","talukas":"116","villages":"20692"},{"name":"JAMMU & KASHMIR","code":"01","districts":"22","talukas":"82","villages":"6655"},{"name":"JHARKHAND","code":"20","districts":"24","talukas":"256","villages":"31229"},{"name":"KARNATAKA","code":"29","districts":"30","talukas":"176","villages":"28648"},{"name":"KERALA","code":"32","districts":"14","talukas":"63","villages":"1494"},{"name":"LAKSHADWEEP","code":"31","districts":"1","talukas":"10","villages":"27"},{"name":"MADHYA PRADESH","code":"23","districts":"50","talukas":"338","villages":"53483"},{"name":"MAHARASHTRA","code":"27","districts":"33","talukas":"346","villages":"43282"},{"name":"MANIPUR","code":"14","districts":"9","talukas":"38","villages":"2607"},{"name":"MEGHALAYA","code":"17","districts":"7","talukas":"39","villages":"6782"},{"name":"MIZORAM","code":"15","districts":"8","talukas":"26","villages":"830"},{"name":"NAGALAND","code":"13","districts":"11","talukas":"114","villages":"1435"},{"name":"NCT OF DELHI","code":"07","districts":"7","talukas":"17","villages":"222"},{"name":"ODISHA","code":"21","districts":"30","talukas":"463","villages":"50558"},{"name":"PUDUCHERRY","code":"34","districts":"2","talukas":"5","villages":"95"},{"name":"PUNJAB","code":"03","districts":"20","talukas":"77","villages":"12715"},{"name":"RAJASTHAN","code":"08","districts":"33","talukas":"240","villages":"44004"},{"name":"SIKKIM","code":"11","districts":"4","talukas":"9","villages":"452"},{"name":"TAMIL NADU","code":"33","districts":"31","talukas":"212","villages":"16268"},{"name":"TRIPURA","code":"16","districts":"4","talukas":"40","villages":"901"},{"name":"UTTARAKHAND","code":"05","districts":"13","talukas":"78","villages":"16413"},{"name":"WEST BENGAL","code":"19","districts":"18","talukas":"341","villages":"40414"}],"total":34}}